Model,accuracy_mean,accuracy_std,precision_mean,precision_std,recall_mean,recall_std,f1_mean,f1_std,roc_auc_mean,roc_auc_std
Logistic Regression,0.5171626984126985,0.008948412698412678,0.5295076634024556,0.0181998954575196,0.5189142057318556,0.0746931002042174,0.519979268207597,0.02941323047174793,0.5334629444632362,0.006958529462803897
SVM (RBF),0.5220634920634921,0.0034920634920634908,0.5418816971298448,0.026182363162194855,0.4082505373136611,0.004230436811148569,0.46527571061271045,0.006924759238503303,0.5375375099275186,0.0012444175556590165
Random Forest,0.5124371693121693,0.005955687830687784,0.5354055027070438,0.040784973483432324,0.5060421972878089,0.14121807668479386,0.5037538258675559,0.056984595098325125,0.5244474538026427,0.019097421626126432
